-- phpMyAdmin SQL Dump
-- version 5.2.1
-- https://www.phpmyadmin.net/
--
-- Host: 127.0.0.1
-- Generation Time: Sep 20, 2025 at 04:47 PM
-- Server version: 10.4.32-MariaDB
-- PHP Version: 8.2.12

SET SQL_MODE = "NO_AUTO_VALUE_ON_ZERO";
START TRANSACTION;
SET time_zone = "+00:00";


/*!40101 SET @OLD_CHARACTER_SET_CLIENT=@@CHARACTER_SET_CLIENT */;
/*!40101 SET @OLD_CHARACTER_SET_RESULTS=@@CHARACTER_SET_RESULTS */;
/*!40101 SET @OLD_COLLATION_CONNECTION=@@COLLATION_CONNECTION */;
/*!40101 SET NAMES utf8mb4 */;

--
-- Database: `enrollment`
--

-- --------------------------------------------------------

--
-- Table structure for table `enrollments`
--

CREATE TABLE `enrollments` (
  `enrollment_id` int(11) NOT NULL,
  `student_id` int(11) NOT NULL,
  `subject_id` int(11) NOT NULL,
  `created_at` timestamp NOT NULL DEFAULT current_timestamp()
) ENGINE=InnoDB DEFAULT CHARSET=utf8mb4 COLLATE=utf8mb4_general_ci;

--
-- Dumping data for table `enrollments`
--

INSERT INTO `enrollments` (`enrollment_id`, `student_id`, `subject_id`, `created_at`) VALUES
(1, 7, 4, '2025-09-20 13:54:11'),
(3, 1, 2, '2025-09-20 13:59:25');

-- --------------------------------------------------------

--
-- Table structure for table `institute_tbl`
--

CREATE TABLE `institute_tbl` (
  `ins_id` int(11) NOT NULL,
  `ins_name` varchar(100) DEFAULT NULL
) ENGINE=InnoDB DEFAULT CHARSET=latin1 COLLATE=latin1_swedish_ci;

--
-- Dumping data for table `institute_tbl`
--

INSERT INTO `institute_tbl` (`ins_id`, `ins_name`) VALUES
(1, 'College of Engineering'),
(2, 'College of Information Technology'),
(3, 'College of Business'),
(4, 'College of Education'),
(5, 'College of Arts and Sciences');

-- --------------------------------------------------------

--
-- Table structure for table `program_tbl`
--

CREATE TABLE `program_tbl` (
  `program_id` int(11) NOT NULL,
  `program_name` varchar(255) NOT NULL
) ENGINE=InnoDB DEFAULT CHARSET=utf8mb4 COLLATE=utf8mb4_general_ci;

--
-- Dumping data for table `program_tbl`
--

INSERT INTO `program_tbl` (`program_id`, `program_name`) VALUES
(2, 'BS Civil Engineering'),
(3, 'BS Computer Science'),
(4, 'BS Information Systems'),
(5, 'BS Accountancy'),
(6, 'BSEd Major in Math');

-- --------------------------------------------------------

--
-- Table structure for table `program_tbl_backup`
--

CREATE TABLE `program_tbl_backup` (
  `program_id` int(11) NOT NULL,
  `program_name` varchar(100) CHARACTER SET latin1 COLLATE latin1_swedish_ci DEFAULT NULL,
  `ins_id` int(11) DEFAULT NULL
) ENGINE=InnoDB DEFAULT CHARSET=utf8mb4 COLLATE=utf8mb4_general_ci;

--
-- Dumping data for table `program_tbl_backup`
--

INSERT INTO `program_tbl_backup` (`program_id`, `program_name`, `ins_id`) VALUES
(0, 'BSIS', NULL),
(1, 'BS Civil Engineering', 1),
(2, 'BS Computer Science', 2),
(3, 'BS Information Systems', 2),
(4, 'BS Accountancy', 3),
(5, 'BSEd Major in Math', 4);

-- --------------------------------------------------------

--
-- Table structure for table `semester_tbl`
--

CREATE TABLE `semester_tbl` (
  `sem_id` int(11) NOT NULL,
  `sem_name` varchar(50) DEFAULT NULL,
  `year_id` int(11) DEFAULT NULL
) ENGINE=InnoDB DEFAULT CHARSET=latin1 COLLATE=latin1_swedish_ci;

--
-- Dumping data for table `semester_tbl`
--

INSERT INTO `semester_tbl` (`sem_id`, `sem_name`, `year_id`) VALUES
(1, '1st Semester', 1),
(2, '2nd Semester', 1),
(3, '1st Semester', 2),
(4, '2nd Semester', 2),
(5, 'Summer', 2);

-- --------------------------------------------------------

--
-- Table structure for table `student_load`
--

CREATE TABLE `student_load` (
  `load_id` int(11) NOT NULL,
  `stud_id` int(11) DEFAULT NULL,
  `subject_id` int(11) DEFAULT NULL
) ENGINE=InnoDB DEFAULT CHARSET=latin1 COLLATE=latin1_swedish_ci;

--
-- Dumping data for table `student_load`
--

INSERT INTO `student_load` (`load_id`, `stud_id`, `subject_id`) VALUES
(1, 1, 1),
(2, 1, 2),
(3, 2, 3),
(4, 3, 1),
(5, 4, 4);

-- --------------------------------------------------------

--
-- Table structure for table `student_tbl`
--

CREATE TABLE `student_tbl` (
  `stud_id` int(11) NOT NULL,
  `name` varchar(100) DEFAULT NULL,
  `program_id` int(11) DEFAULT NULL,
  `allowance` int(11) NOT NULL DEFAULT 0
) ENGINE=InnoDB DEFAULT CHARSET=latin1 COLLATE=latin1_swedish_ci;

--
-- Dumping data for table `student_tbl`
--

INSERT INTO `student_tbl` (`stud_id`, `name`, `program_id`, `allowance`) VALUES
(1, 'Clarys Mercado', 4, 1000),
(2, 'Bianca Santos', 4, 1000),
(3, 'Cedric Umali', 3, 2000),
(5, 'John Cruz', 5, 2000),
(7, 'John Paolo', 4, 10000),
(8, 'Hinata Shoyo', 6, 1000),
(10, 'Patricia Mae Luna', 2, 1234),
(12, 'Pablo', 2, 1000);

-- --------------------------------------------------------

--
-- Table structure for table `subject_tbl`
--

CREATE TABLE `subject_tbl` (
  `subject_id` int(11) NOT NULL,
  `subject_name` varchar(100) DEFAULT NULL,
  `sem_id` int(11) DEFAULT NULL
) ENGINE=InnoDB DEFAULT CHARSET=latin1 COLLATE=latin1_swedish_ci;

--
-- Dumping data for table `subject_tbl`
--

INSERT INTO `subject_tbl` (`subject_id`, `subject_name`, `sem_id`) VALUES
(1, 'SCIENCE', 1),
(2, 'Introduction to Programming', 1),
(3, 'Data Structures', 2),
(4, 'Database Management', 3),
(5, 'Accounting Principles', 4),
(6, 'MATH', 1);

-- --------------------------------------------------------

--
-- Table structure for table `year_tbl`
--

CREATE TABLE `year_tbl` (
  `year_id` int(11) NOT NULL,
  `year_from` int(11) DEFAULT NULL,
  `year_to` int(11) DEFAULT NULL
) ENGINE=InnoDB DEFAULT CHARSET=latin1 COLLATE=latin1_swedish_ci;

--
-- Dumping data for table `year_tbl`
--

INSERT INTO `year_tbl` (`year_id`, `year_from`, `year_to`) VALUES
(1, 2023, 2024),
(2, 2024, 2025),
(4, 2026, 2027),
(5, 2027, 2028);

--
-- Indexes for dumped tables
--

--
-- Indexes for table `enrollments`
--
ALTER TABLE `enrollments`
  ADD PRIMARY KEY (`enrollment_id`),
  ADD UNIQUE KEY `uq_enrollment` (`student_id`,`subject_id`),
  ADD KEY `fk_enroll_subject` (`subject_id`);

--
-- Indexes for table `institute_tbl`
--
ALTER TABLE `institute_tbl`
  ADD PRIMARY KEY (`ins_id`);

--
-- Indexes for table `program_tbl`
--
ALTER TABLE `program_tbl`
  ADD PRIMARY KEY (`program_id`);

--
-- Indexes for table `semester_tbl`
--
ALTER TABLE `semester_tbl`
  ADD PRIMARY KEY (`sem_id`),
  ADD KEY `year_id` (`year_id`);

--
-- Indexes for table `student_load`
--
ALTER TABLE `student_load`
  ADD PRIMARY KEY (`load_id`),
  ADD KEY `stud_id` (`stud_id`),
  ADD KEY `subject_id` (`subject_id`);

--
-- Indexes for table `student_tbl`
--
ALTER TABLE `student_tbl`
  ADD PRIMARY KEY (`stud_id`),
  ADD KEY `program_id` (`program_id`);

--
-- Indexes for table `subject_tbl`
--
ALTER TABLE `subject_tbl`
  ADD PRIMARY KEY (`subject_id`),
  ADD KEY `sem_id` (`sem_id`);

--
-- Indexes for table `year_tbl`
--
ALTER TABLE `year_tbl`
  ADD PRIMARY KEY (`year_id`);

--
-- AUTO_INCREMENT for dumped tables
--

--
-- AUTO_INCREMENT for table `enrollments`
--
ALTER TABLE `enrollments`
  MODIFY `enrollment_id` int(11) NOT NULL AUTO_INCREMENT, AUTO_INCREMENT=4;

--
-- AUTO_INCREMENT for table `program_tbl`
--
ALTER TABLE `program_tbl`
  MODIFY `program_id` int(11) NOT NULL AUTO_INCREMENT, AUTO_INCREMENT=11;

--
-- AUTO_INCREMENT for table `student_load`
--
ALTER TABLE `student_load`
  MODIFY `load_id` int(11) NOT NULL AUTO_INCREMENT, AUTO_INCREMENT=100;

--
-- AUTO_INCREMENT for table `student_tbl`
--
ALTER TABLE `student_tbl`
  MODIFY `stud_id` int(11) NOT NULL AUTO_INCREMENT, AUTO_INCREMENT=13;

--
-- AUTO_INCREMENT for table `subject_tbl`
--
ALTER TABLE `subject_tbl`
  MODIFY `subject_id` int(11) NOT NULL AUTO_INCREMENT, AUTO_INCREMENT=7;

--
-- AUTO_INCREMENT for table `year_tbl`
--
ALTER TABLE `year_tbl`
  MODIFY `year_id` int(11) NOT NULL AUTO_INCREMENT, AUTO_INCREMENT=10;

--
-- Constraints for dumped tables
--

--
-- Constraints for table `enrollments`
--
ALTER TABLE `enrollments`
  ADD CONSTRAINT `fk_enroll_student` FOREIGN KEY (`student_id`) REFERENCES `student_tbl` (`stud_id`) ON DELETE CASCADE,
  ADD CONSTRAINT `fk_enroll_subject` FOREIGN KEY (`subject_id`) REFERENCES `subject_tbl` (`subject_id`) ON DELETE CASCADE;

--
-- Constraints for table `student_load`
--
ALTER TABLE `student_load`
  ADD CONSTRAINT `fk_studentload_subject` FOREIGN KEY (`subject_id`) REFERENCES `subject_tbl` (`subject_id`) ON DELETE CASCADE ON UPDATE CASCADE;

--
-- Constraints for table `student_tbl`
--
ALTER TABLE `student_tbl`
  ADD CONSTRAINT `student_tbl_ibfk_1` FOREIGN KEY (`program_id`) REFERENCES `program_tbl` (`program_id`);

--
-- Constraints for table `subject_tbl`
--
ALTER TABLE `subject_tbl`
  ADD CONSTRAINT `subject_tbl_ibfk_1` FOREIGN KEY (`sem_id`) REFERENCES `semester_tbl` (`sem_id`);
COMMIT;

/*!40101 SET CHARACTER_SET_CLIENT=@OLD_CHARACTER_SET_CLIENT */;
/*!40101 SET CHARACTER_SET_RESULTS=@OLD_CHARACTER_SET_RESULTS */;
/*!40101 SET COLLATION_CONNECTION=@OLD_COLLATION_CONNECTION */;
